id,legal_name,purpose,text_length,true_sector,predicted_sector,top3,score_top1,margin_top1_top2,auto_flags,manual_category,manual_note
1,Barkhoff & Co. GmbH,"Der Garten- und Landschaftsbau, der Baumschulbetrieb sowie der Groß- und Einzelhandel mit Pflanzen jeder Art und den damit in Verbindung stehenden Artikeln.",156,N,A,A|S|P,0.5380,0.0338,outside_top3,,
2,Pleistocene & Permafrost Stiftung gemeinnützige UG (haftungsbeschränkt),"Beschaffung von Mitteln, insbesondere Sammeln von Spenden oder auf andere Art zur Förderung von Wissenschaft und Forschung; des Naturschutzes und Landschaftspflege im Sinne des Bundesnaturschutzgesetzes und Naturschutzgesetze der Länder, des Umweltschutzes, des Küstenschutzes und des Hochwasserschutzes sowie des Tierschutzes.",327,S,A,A|O|E,0.4142,0.0300,outside_top3,,
3,Stefan Obholzer GmbH,Planung und Gestaltung von Gartenanlagen und Durchführung aller damit zusammenhängenden Arbeiten.,97,N,A,A|L|F,0.4980,0.0149,low_margin|crowded_top3|outside_top3,,
4,J. Nollmann Garten- und Landschaftsbau UG (haftungsbeschränkt),Garten- und Landschaftsbau,26,N,A,A|L|B,0.5422,0.0116,short_text|low_margin|outside_top3,,
5,Kollektive Mühlenbäckerei 'LEMBAS' Gesellschaft mit beschränkter Haftung,"Gegenstand des Unternehmens ist a) die Herstellung und der Vertrieb von Vollkornbrot unter der Bezeichnung 'LEMBAS' und anderen Vollkornbackwaren. Es wird nur Getreide verwendet, welches umweltfreundlich, ohne synthetische Dünge- und Pflanzenschutzmittel angebaut wird; möglichst nach den Richtlinien eines Verbandes wie Demeter oder Bioland; b) der Vertrieb von Lebensmitteln, die weitgehend nicht nach einer für die Menschheit und die Erde schädlichen Anbauweise angebaut sind; c) der Vertrieb anderer Waren aus Naturstoffen, insbesondere solcher aus Ländern der Dritten Welt, soweit deren Vertrieb dem in den Abschnitten a) und b) genannten Unternehmenszweck nicht entgegensteht und die Aufnahme der Waren durch die Versammlung der Gesellschafter/innen beschlossen wurde. Die Gesellschaft kann gleichartige oder ähnliche Unternehmen gründen, erwerben oder sich an solchen beteiligen.",886,C,A,A|C|E,0.4889,0.0084,low_margin|recoverable_in_top3,,
6,Fliesen Galerie GmbH,"der Handel mit Bodenbelägen aller Art, insbesondere mit Fliesen und Naturstein",78,G,B,B|G|A,0.7155,0.2191,recoverable_in_top3,,
7,DS Bodenbeläge GmbH,Die Durchführung von Bodenbelagsarbeiten.,41,F,B,B|E|L,0.5791,0.0845,short_text|outside_top3,,
8,reifen & räder profi GmbH,An- und Verkauf von Neu- und Gebrauchtreifen sowie Reifenmontagen und Felgen und Kfz-Zubhör aller Art.,102,G,B,B|G|C,0.5129,0.0596,recoverable_in_top3,,
9,concrete robotics GmbH,"Verkauf, Vertrieb und Herstellung von mineralischen Feinstäuben für die Produktion von Beton, Teil- oder kompletten Premixes für die Herstellung von hydraulisch gebundenen Betonen. Darüber hinaus vertreibt die Gesellschaft ggf. über eine auszugründende Gesellschaft spezielle Mischer und Mischanlagen für die Produktion von Sonderbetonen sowie Fertigungsanlagen zur Verarbeitung von Sonderbetonen. Vergabe von Lizenzen für den gleichen Unternehmenszweck an externe Firmen sowie die Ausgründung und die Beteiligung an Firmen zur Durchführung des Unternehmenszweck oder die Beteiligung an Firmen die dem Unternehmenszweck dienen, sowie der Abschluss aller damit im Zusammenhang stehenden Geschäfte.",696,C,B,B|C|F,0.5220,0.0365,boilerplate_shape|recoverable_in_top3,,
10,Wilhelm Steiger Kessel- und Behälterbau Gesellschaft mit beschränkter Haftung,der Kessel- und Behälterbau,27,C,B,B|C|H,0.5474,0.0206,short_text|recoverable_in_top3,,
11,HM Main Bau GmbH,Die Erstellung von Rohbauten (Hochbau).,39,F,B,B|A|F,0.6216,0.0191,short_text|low_margin|recoverable_in_top3,,
12,Aegis Coating GmbH,Oberflächenbehandlung und der Korrosionsschutz,46,C,B,B|E|H,0.2815,0.0099,short_text|low_margin|outside_top3,,
15,Elektro-Reichert GmbH,"ist Planung, Berechnung, Bau, Errichtung, Prüfung, Inbetriebnahme, Wartung und Instandsetzung von elektrischen Anlagen zur Erzeugung, Fortleitung, Umwandlung und Abgabe der elektrischen Energie, Erdungs- und Blitzschutzanlagen, Antennenanlagen, Ruf- und Signalanlagen, elektrischer Energieverbrauchseinrichtungen, sowie elektrischen und elektronischen Betriebsmitteln, sowie der Handel mit branchenähnlichen Produkten. Die Firma darf andere, gleichartige oder ähnliche Unternehmen erwerben oder sich an solchen beteiligen und sämtliche einschlägigen Geschäfte betreiben, die geeignet sind, den Zweck der Gesellschaft zu fördern; desgleichen kann sie die Geschäftsführung solcher Unternehmen ausüben. Sie darf auch Zweigniederlassungen errichten.",745,F,C,C|D|J,0.6429,0.0824,boilerplate_shape|outside_top3,,
17,Autohaus Armbrüster GmbH,Betrieb eines Autohauses mit Reparaturwerkstatt sowie die Autovermietung und der Karosseriebau.,95,G,C,C|F|L,0.5232,0.0552,outside_top3,,
18,M. Trapp GmbH,Gegenstand des Unternehmens der Gesellschaft ist ein Stukkateurbetrieb.,71,F,C,C|G|N,0.4883,0.0520,outside_top3,,
20,Zweiundvierzigste Babelsberg Film GmbH,"Die Entwicklung, Vorbereitung, Herstellung, Koproduktion sowie die Auswertung eines Filmprojektes.",98,J,C,C|R|F,0.4586,0.0497,outside_top3,,
21,Jürgen Lässig Verwaltungs-GmbH,"Gegenstand des Unternehmens ist ausschließlich die Übernahme der persönlichen Haftung und die Geschäftsführung der künftigen Kommanditgesellschaft unter der Firma: Jürgen Lässig GmbH & Co. Kommanditgesellschaft in Geilenkirchen, die den Handel mit Elektrowaren aller Art, die Durchführung von Elektroinstallationen und den Schaltschrankbau zum Gegenstand hat.",359,M,C,C|M|H,0.3589,0.0430,boilerplate_shape|recoverable_in_top3,,
22,Hugo Roth & Sohn GmbH Bau u. Stuckgeschäft,Gegenstand des Unternehmens ist Ausführung von Bauarbeiten aller Art.,69,F,C,C|F|N,0.5760,0.0400,recoverable_in_top3,,
23,Jacobs & Partner GmbH,"Betrieb einer Reparaturwerkstatt für Nutzfahrzeuge, insbesondere LKW, Kräne, Forst- und Landmaschinen. Die Gesellschaft übernimmt den Vertrieb und den Service von Forst- und Gartengeräten. Sie rüstet LKW mit Spezialaufbauten aus und vertreibt sie. Die Gesellschaft führt Stahlbau- und Zerspanungsarbeiten durch. Die Gesellschaft handelt mit Neu- und Gebraucht-PKW. Die Gesellschaft vermietet PKW und Kleintransporter.",417,G,C,C|N|S,0.5460,0.0315,outside_top3,,
24,HERA Medien UG (haftungsbeschränkt),"Herstellung und Vertrieb (EH) von polygraphischen buchhändlerischen Erzeugnissen eigener und fremder Werke, Werbe- und Promotions-Dienstleistungen (incl. Vorbereitung, Produktion und Veröffentlichung von Werbung und Promotion unter Ausnutzung von allen zugänglichen Mitteln der Polygraphischen und Audiovisuellen Übertragung), Herstellung und Vertrieb von Homepages, Webseiten sowie von Hard- und Software.",406,J,C,C|J|G,0.4802,0.0216,recoverable_in_top3,,
25,"""Mot""-Gaststättenbetriebs GmbH","Vermietung, Betreibung und die Verpachtung von gastronomischen- bzw. Freizeitbetrieben und der Erwerb der dafür erforderlichen Konzessionen, der Vertrieb und die Aufstellung von Automaten aller Art im In- und Ausland.",217,I,C,C|G|H,0.6157,0.0205,outside_top3,,
27,Autozentrum Ebber GmbH,"Beteiligung als persönlich haftende geschäftsführende Gesellschafterin an der Dillhage-Ebber GmbH & Co. KG in Borken/Westf., die als Unternehmensgegenstand Verwaltung und Halten von Immobilien sowie Vermieten von spezifischen Geräten aller Art eines Kraftfahrzeugbetriebes, wie z.B. Hebebühnen, Werkzeuge etc. hat, sowie Vertrieb von neuen und gebrauchten Kraftfahrzeugen, Vermietung und Leasing von Kraftfahrzeugen, Handel mit Zubehör sowie Ersatzteilen, Instandsetzung von Kraftfahrzeugen und Ausübung aller mit einem Kraftfahrzeugbetrieb zusammenhängenden Tätigkeiten einschließlich Einbringungen von Dienstleistungen für Kraftfahrzeugbetriebe",646,M,C,C|H|M,0.4056,0.0091,low_margin|crowded_top3|boilerplate_shape|recoverable_in_top3,,
29,GUSA Gesellschaft für Unfall- und Schadenanalysen mbH,"Die Ausarbeitung von Expertisen, Erfassen, Analysieren und Auswerten von Unfallabläufen im Kraftverkehrbereich, Bauwesen und Arbeitssicherheit, Objektaufnahmen unter Beachtung systemtechnischer Gegebenheiten, Schadenbeurteilungen und Auswertungen unter Berücksichtigung der besonderen Umstände. Analysen und Entwicklungen von Verfahrenstechniken, metallurgische Gefügeuntersuchungen, Metallographie, Anlagen und Objektplanungen, statische Auswertungen und Wertermittlung von Anlagen, Objekten und Wirtschaftsgütern. Die Gesellschaft kann sich an anderen Unternehmen in beliebiger Rechtsform beteiligen. Sie kann Zweigniederlassungen errichten. Die Gesellschaft kann alle Geschäfte betreiben, die dem Gesellschaftszweck unmittelbar oder mittelbar zu dienen geeignet sind. Sie kann sieh insbesondere an anderen Unternehmen, auch wenn sie einen anderen Unternehmensgegenstand haben, beteiligen, sie erwerben, die Geschäftsführung für solche Unternehmen übernehmen, sowie Zweigniederlassungen errichten.",999,M,C,C|M|J,0.5026,0.0042,low_margin|boilerplate_shape|recoverable_in_top3,,
30,Institut für Stadtmarketing Lorenz GmbH,"die Bereitstellung von durch Werbung finanzierten Produkten an gemeinnützige Einrichtung, Kommunen und Vereine sowie das Entwerfen und Vertreiben von Druckerzeugnissen.",168,M,C,C|G|N,0.4556,0.0042,low_margin|crowded_top3|outside_top3,,
32,Bioenergie Rothtal Verwaltungs GmbH,"Erwerb und Verwaltung von Beteiligungen sowie Übernahme der persönlichen Haftung und der Geschäftsführung bei Handelsgesellschaften, insbesondere die Beteiligung als persönlich haftende Gesellschafterin an der Bioenergie Rothtal GmbH & Co. KG mit dem Sitz in Horgau, die die Errichtung und den Betrieb einer Biogasanlage zur Energieerzeugung sowie Energievermarktung zum Gegenstand hat.",386,M,C,C|M|K,0.3465,0.0037,low_margin|crowded_top3|boilerplate_shape|recoverable_in_top3,,
33,LabTec Laborbedarf Vertriebs-GmbH,Der Vertrieb wissenschaftlicher Geräte und Laborbedarf.,55,G,C,C|J|M,0.4903,0.0033,low_margin|crowded_top3|outside_top3,,
34,DBD Verwaltung Unternehmergesellschaft (haftungsbeschränkt),Übernahme der Funktion des geschäftsführenden Gesellschafters und Komplementärs sowie des Liquidators der DBD Deutsche Biodiesel GmbH & Co. KG i.L. mit Sitz in Berlin.,167,M,C,C|M|H,0.2624,0.0031,low_margin|boilerplate_shape|recoverable_in_top3,,
36,Earth Alliance GmbH,"Import, Export und Handel von Umwelttechnologie und Erbringung von damit im Zusammenhang stehenden Dienstleistungen.",116,G,C,C|H|G,0.5384,0.0027,low_margin|crowded_top3|recoverable_in_top3,,
37,Huifeng Europe Verwaltungs GmbH,"Die Geschäftsführung der Huifeng Europe GmbH & Co.KG., die ihrerseits folgenden Geschäftszweck hat: Consulting, Marketing und Distribution von chemischen Produkten und anderen Handelsgütern.",190,M,C,C|M|G,0.4706,0.0023,low_margin|crowded_top3|boilerplate_shape|recoverable_in_top3,,
38,Gerstmayr Entsorgung & Recycling GmbH,"Erfassen und Sortieren von Wertstoffen und Recycling-Produkten sowie der Handel damit. Zur Erreichung dieses Zweckes ist die Gesellschaft zu allen Geschäften befugt, die - unmittelbar oder mittelbar - entweder dem Gesellschaftszweck zu dienen oder den Gegenstand des Unternehmens zu fördern geeignet sind. Die Gesellschaft darf andere Unternehmen im In- und Ausland übernehmen, vertreten und sich an solchen Unternehmen beteiligen. Sie darf auch Zweigniederlassungen errichten.",477,E,C,C|G|N,0.5447,0.0022,low_margin|outside_top3,,
40,MDG Verwaltungs-GmbH,Verwaltung von Beteiligungen an Unternehmen und insbesondere die Übernahme der Stellung als persönlich haftende Gesellschafterin der MDG Mechanische Fertigung GmbH & Co. KG,172,M,C,C|M|N,0.4105,0.0015,low_margin|crowded_top3|boilerplate_shape|recoverable_in_top3,,
42,Niggenaber und Dirksmeier -KFZ- Handel u. Reparatur GmbH,"Gegenstand des Unternehmens ist Handel, Reparatur und Instandsetzung von Kraftfahrzeugen und Fahrzeugen aller Art.",114,G,C,C|G|H,0.5458,0.0006,low_margin|recoverable_in_top3,,
43,Bella Sicilia UG (haftungsbeschränkt),Gastronomiebetrieb.,19,I,D,D|C|I,0.4922,0.0967,short_text|recoverable_in_top3,,
44,SPH Sustainable Process Heat GmbH,"die Entwicklung, die Herstellung und die Vermarktung von industriellen thermodynamischen Lösungen, insbesondere Wärmepumpen, und alle verwandten Geschäftszwecke.",161,C,D,D|C|E,0.5468,0.0614,recoverable_in_top3,,
45,SPR Montage GmbH,Gegenstand des Unternehmens ist die Montage von Anlagen zur Erzeugung regenerativer Energie.,92,F,D,D|C|F,0.4495,0.0588,recoverable_in_top3,,
46,Umwelttechniken A-G-Z Südwest GmbH,"Gegenstand des Unternehmens ist die Ausrüstung und Umrüstung von Kraftfahrzeugen auf Gasbetrieb, die Instandsetzung und Wartung von Gasanlagen im Camping- und Fahrzeugbereich, der Handel von Industrieanlagen und Kraftfahrzeugen und deren Reparatur, die Verarbeitung von Rohstoffen und der Handel mit Rohstoffen im Rahmen von nicht konzessionierten Warenarten.",359,G,D,D|C|H,0.5780,0.0561,outside_top3,,
47,Bioenergie und Logistik Sachsen GmbH,"Handel mit Biomasse, organischen Energieträgern, agrarnahen Rohprodukten; Consulting für Bioenergie und Entwicklung ganzheitlicher Lösungen zur Nutzung von Biomasse; Werkverkehr und Transporte/Güterkraftverkehr für Dritte.",222,G,D,D|C|A,0.4905,0.0345,outside_top3,,
48,"REIWA GmbH Heizungs-, Lüftungs- und Sanitäreinbau","Erstellen und Vertrieb von Heizungs-, Lüftungs- und Sanitäreinbau-Anlagen.",74,F,D,D|E|C,0.6256,0.0191,low_margin|outside_top3,,
50,TECHNIKPLAN Ingenieurgesellschaft mbH,"Planung, Projektleitung und Projektsteuerung, Bauüberwachung von gebäudetechnischen Gewerken wie Heizung, Lüftung, Klima, Kälte, Sanitär, Feuerlöschanlagen, Großküchen, Brandschutz, Starkstrom, Schwachstrom, Fernmelde- und Datentechnik, Beleuchtung, Tageslichttechnik, Hoch- und Mittelspannung, Leistungen zu Betrieb und Instandhaltung von Gebäuden und Anlagen, wie Facility Management, Energiemanagement, Contracting, sowie sämtliche dabei anfallende Aufgaben im weitesten Sinne.",480,M,D,D|F|J,0.5966,0.0164,low_margin|outside_top3,,
51,MultiCon GmbH,Der Aufbau und Betrieb eines Emissionshauses für die Entwicklung von geschlossenen Fonds in der Rechtsform einer GmbH & Co. KG.,127,K,D,D|K|F,0.4268,0.0098,low_margin|recoverable_in_top3,,
52,Elektro Wiesmann UG (haftungsbeschränkt),Erbringung von Elektroinstallationsarbeiten und der Handel mit Elektroartikeln.,79,F,D,D|C|H,0.5218,0.0086,low_margin|outside_top3,,
53,"CONTA 2000 GmbH Containerdienst-, Erd- und Abbrucharbeiten","Die Durchführung von Erd- und Abbrucharbeiten sowie die Unterhaltung von Containerdiensten, einschließlich des Einsammelns und Beförderns von Abfällen sowie der Straßen- und Tiefbau, Mauerer- und Betonbauerhandwerk.",215,F,E,E|N|S,0.7688,0.2225,outside_top3,,
55,Norbert Schmitz GmbH Gas-. Wasser- Sanitärinstallation,die Installation und Reparatur von Gas-. Wasser- und Sanitäranlagen aller Art sowie sämtliche damit zusammenhängenden Geschäfte,127,F,E,E|D|C,0.6803,0.1032,outside_top3,,
57,REH GmbH Dienstleistungen,"die Durchführung von Gebäudeinnen- und Außenreinigung, Fenster- und Fassadenreinigung sowie Straßen- und Parkplatzreinigung einschließlich Schneeund Eisbeseitigung von Geh- und Fahrwegen, Handel mit Reinigungsprodukten, ferner die Durchführung von Reinigungs- und Desinfektionsmaßnahmen in Krankenhäusern, Kliniken, Pflege- und Altenheimen und ähnlichen sozialen Einrichtungen sowie die Durchführung von ähnlichen, damit verbundenen Dienstleistungen in diesen Bereichen",469,N,E,E|S|N,0.5943,0.0183,low_margin|recoverable_in_top3,,
58,Laible Brandschutztechnik GmbH,"Vertrieb, Wartung und Instandsetzung von tragbaren und fahrbaren Löschsystemen. Wartung und Instandsetzung von stationären Löschanlagen. Erstellung von Brandschutzplänen- und Konzepten.",185,N,E,E|D|H,0.5554,0.0125,low_margin|crowded_top3|outside_top3,,
59,DEHÖMA Fuhrbetrieb und Containerdienst GmbH,"Der Betrieb eines Containerdienstes, die Baumaschinenvermietung, der Güternahverkehr, Erdbau und Abrissarbeiten..",113,H,E,E|H|C,0.6873,0.0065,low_margin|recoverable_in_top3,,
60,RRS Rhein Ruhr Service GmbH,"Facilitymanagement, Gebäudemanagement und Gebäudereinigung.",59,N,E,E|L|N,0.5441,0.0050,low_margin|crowded_top3|recoverable_in_top3,,
64,Istanbul in Angermünde UG (haftungsbeschränkt),Betrieb eines Imbissgrills mit Restauration,43,I,F,F|B|L,0.3037,0.0464,short_text|outside_top3,,
71,officium design engineering GmbH,"Die Erstellung von Generalplanungsleistungen, insbesondere für Seiltragwerke, z.B. für Zoogehege und Bauwerke sowie für Messestände und Designerprodukte.",153,M,F,F|S|M,0.4739,0.0048,low_margin|crowded_top3|recoverable_in_top3,,
79,Verwaltungsgesellschaft Pio Kunststoffe mbH,"Gegenstand geändert; nun: Der Erwerb und die Verwaltung von Beteiligungen sowie die Übernahme der persönlichen Haftung und der Geschäftsführung bei Handelsgesellschaften, insbesondere die Beteiligung als persönlich haftende und geschäftsführende Gesellschafterin an der Chemische Fabrik Knoell GmbH & Co. KG mit Sitz in Freiburg i. Breisgau, und ggfls. weiteren Kommanditgesellschaften, die ihrerseits die Verwaltung eigenen Vermögens zum Gegenstand haben.",456,M,G,G|L|K,0.3962,0.0661,boilerplate_shape|outside_top3,,
80,Bodenbeläge Gessner GmbH,Gegenstand des Unternehmens ist der Verkauf und das Verlegen von Bodenbelägen aller Art sowie das Verlegen und die Reparatur von Estrichen.,139,F,G,G|C|S,0.4946,0.0637,outside_top3,,
81,Freilandeier Verwaltungs GmbH,"der Erwerb und die Verwaltung von Beteiligungen sowie die Übernahme der persönlichen Haftung und der Geschäftsführung bei Handelsgesellschaften, insbesondere die Beteiligung als persönlich haftende geschäftsführende Gesellschafterin an der Kommanditgesellschaft in Firma Obermooshamer Freilandeier GmbH & Co. KG mit dem Sitz in Niederbergkirchen, die die gewerbliche Produktion und die Vermarktung sowie den Handel von und mit landwirtschaftlichen Erzeugnissen, insbesondere von und mit Eiern sowie die gewerbliche Vermietung und Verpachtung zum Gegenstand hat.",561,M,G,G|C|M,0.4573,0.0620,boilerplate_shape|recoverable_in_top3,,
86,Romachova GmbH,Übernahme der Rechtsstellung eines Komplementärs in der redsquare GmbH & Co. KG,79,M,G,G|M|U,0.3639,0.0378,boilerplate_shape|recoverable_in_top3,,
87,ROSENSTRASSE 35 Beteiligungsgesellschaft mbH,"Gegenstand des Unternehmens ist, Beteiligungen an Industrie-, Handels- und Schiffahrtsunternehmen zu erwerben, zu verwalten oder zu verwerten und alle hiermit zusammenhängenden Geschäfte vorzunehmen.",199,K,G,G|C|K,0.5503,0.0369,boilerplate_shape|recoverable_in_top3,,
88,Mittermaier und Laumer GmbH,Vermietung und Verpachtung von Grundvermögen und damit im Zusammenhang stehenden Geschäfte.,91,L,G,G|T|K,0.4927,0.0340,outside_top3,,
89,KUNZE Beteiligungs GmbH,"Die Übernahme, der Erwerb, das Halten und die Veräußerung von Beteiligungen an der im Handelsregister des Amtsgerichts Hamburg unter HRB 161915 eingetragenen Gesellschaft mit beschränkter Haftung unter der Firma Deutsche Hausverwaltung Plus GmbH mit dem Sitz in Hamburg.",270,K,G,G|H|L,0.2900,0.0322,boilerplate_shape|outside_top3,,
92,Ho Da Verwaltungs- GmbH,"Der Erwerb und die Verwaltung von Beteiligungen sowie die Übernahme der persönlichen Haftung und der Geschäftsführung bei Handelsgesellschaften, insbesondere die Beteiligung als persönlich haftende geschäftsführende Gesellschafterin an der HoDa GmbH & Co. KG.",259,M,G,G|K|N,0.3522,0.0169,low_margin|boilerplate_shape|outside_top3,,
93,E.A.S Culture & Consultant GmbH,"der Handel, die Beratung, die Organisation und Koordination von Aus- und Weiterbildung oder akademischen und kulturellen Austauschprogrammen, insbesondere im Bereich des Jugendaustauschs zwischen China und Europa insbesondere Klassenfahrten und Jugendcamps. Die Gesellschaft darf auch maßgeschneiderte Dienstleistungen für erwachsene Reisegruppen durchführen. Die Gesellschaft ist ferner tätig auf dem Gebiet der Vermittlung und Betreuung von Geschäftskontakten zwischen China und Europa, sowie dem Studentenaustausch und der Lehrerausbildung. Die Gesellschaft ist zudem tätig im Im- und Export, dem Vertrieb und Handel mit Lehrmittel sowie Im- und Export, Vertrieb und Handel von Waren aller Art und darf alle damit im Zusammenhang stehenden Nebengeschäfte erbringen. Gegenstand des Unternehmens sind auch Eventmanagement, Ausbildungsmanagement sowie der Betrieb einer Künstleragentur. Die Gesellschaft darf Geschäfte jeder Art durchführen, die dem Unternehmensgegenstand unmittelbar oder mittelbar dienen oder diesen ergänzen.",1028,N,G,G|U|J,0.4188,0.0081,low_margin|crowded_top3|outside_top3,,
94,tomjot GmbH,die Vermarktung von Software sowie die Erbringung von Dienstleistungen rund um Vertrieb und Marketing,101,M,G,G|J|N,0.5003,0.0072,low_margin|crowded_top3|outside_top3,,
97,Industrietor Montage-Service & Handels- GmbH,"Gegenstand des Unternehmens sind Montagen, Reparaturen, Kundendienst für für Industrietore aller Art, Handel mit Toren und Tor-Zubehörteilen, Handel mit Bedarfsartikeln und Baubeschlägen und artverwandte Artikel für den Metallbau und Schlosserei.",246,F,G,G|S|N,0.5538,0.0064,low_margin|crowded_top3|outside_top3,,
98,Güterkraftverkehr Werner Groß GmbH,Durchführung des gewerblichen Güternahverkehrs und Handel mit Kohlen.,69,H,G,G|H|D,0.4948,0.0062,low_margin|crowded_top3|recoverable_in_top3,,
99,Port Gager Geschäftsführungs-GmbH,"Übernahme von Beteiligungen an anderen Unternehmen und die Übernahme der Verwaltung und Geschäftsführung in Personengesellschaften, insbesondere in Unternehmen aus den Bereichen der gewerblichen Touristik sowie Unternehmen im Bereich der Lebensmittelproduktion und -verarbeitung und des Lebensmittelversandes, insbesondere, jedoch nicht beschränkt auf den Bereich von Fisch- und Feinkostprodukten",396,M,G,G|I|C,0.4655,0.0057,low_margin|crowded_top3|boilerplate_shape|outside_top3,,
100,Westend Verlags- und Werbegesellschaft mbH,"Die Herausgabe und der Verlag von Zeitschriften, sonstigen Publikationen und elektronischen Medien sowie der Betrieb einer Agentur für Werbung und Verkaufsförderung und die Vornahme und Vermittlung gleichartiger oder ähnlicher Geschäfte und damit zusammenhängeder Leistungen.",275,J,G,G|J|M,0.4671,0.0054,low_margin|recoverable_in_top3,,
101,Fliesen Höning Verwaltungs- und Beteiligungs-GmbH,"die Übernahme der Stellung der persönlich haftenden und zur Geschäftsführung berechtigten Gesellschafterin in der Fliesen Höning GmbH & Co., KG. mit dem Sitz in Billerbeck, deren Unternehmensgegenstand a) der Handel mit Fliesen, Steinzeug und Keramikprodukten, b) der Handel mit Pflegemitteln für Fliesen, Steinzeug und Keramikproduken, c) der Handel mit Material, Zuberhör und Werkzeug für die Verlegung und Verarbeitung von Fliesen, Steinzeug und Keramikprodukten, d) die Verlegung von Fliesen, Steinzeug und Keramikprodukten ist. Zur Erreichung dieses Zwecks ist die Gesellschaft zu allen Geschäften und Rechtshandlungen berechtigt, die mittelbar oder unmittelbar der Förderung des Gesellschaftszwecks dienen.",712,M,G,G|C|M,0.4947,0.0028,low_margin|boilerplate_shape|recoverable_in_top3,,
102,H&K+S Agentur für Werbung GmbH,"Konzeption und Marketing, die Durchführung von Werbekampagnen sowie deren Produktion und mediale Umsetzung, Verkaufsförderung, Event-Marketing, PR und Sponsoring sowie alle damit im Zusammenhang stehenden Geschäfte.",215,M,G,G|R|M,0.4746,0.0026,low_margin|recoverable_in_top3,,
103,Klinkrader Dorfbäckerei GmbH,"die Herstellung von und der Handel mit Backwaren aller Art und artverwandter Geschäfte. Die Gesellschaft ist zu allen Geschäften und Maßnahmen berechtigt, die dem Gegenstand des Unternehmens dienen. Sie kann zu diesem Zweck auch andere Unternehmen gründen, erwerben und sich an ihnen beteiligen.",295,C,G,G|C|S,0.5844,0.0023,low_margin|recoverable_in_top3,,
105,Seibel Beteiligungsgesellschaft mbH,"Erwerb und die Verwaltung von Beteiligungen sowie die Übernahme der persönlichen Haftung und der Geschäftsführung bei Handelsgesellschaften, insbesondere die Beteiligung als persönlich haftende geschäftsführende Gesellschafterin an der Portlandzementwerke Seibel und Söhne GmbH & Co. KG mit dem Sitz in Erwitte.",311,M,G,G|M|N,0.3320,0.0019,low_margin|crowded_top3|boilerplate_shape|recoverable_in_top3,,
106,Verwaltungsgesellschaft RST Rostock Sugar Terminal mbH,"Übernahme von Verwaltungstätigkeiten, insbesondere auch die Übernahme der persönlichen Haftung bei Kommanditgesellschaften sowie der Imund Export, Umschlag, Verpackung und Lagerung von Zucker sowie alle damit im Zusammenhang stehenden Geschäfte.",245,M,G,G|N|K,0.4540,0.0019,low_margin|outside_top3,,
107,Units UG (haftungsbeschränkt),Gegenstand des Unternehmens ist Erwachsenenbildung und kindliche Früherziehung und der Handel mit Antikmöbel.,109,P,G,G|P|T,0.3308,0.0016,low_margin|recoverable_in_top3,,
108,IDC-Worms Projektgesellschaft mbH,"der Erwerb, die Veräußerung, das Halten und Verwalten von Grundbesitz.",70,L,G,G|L|T,0.6329,0.0011,low_margin|boilerplate_shape|recoverable_in_top3,,
109,LATHO UG (haftungsbeschränkt),"Gegenstand des Unternehmens ist der Erwerb, das langfristige Halten und die Verwaltung von Beteiligungen jeglicher Art an Unternehmen unter Einschluss etwaiger zukünftiger Veräußerungen insbesondere aus dem Bereich der Softwarebranche sowie an Unternehmen, die derartige Beteiligungen selbst halten.",299,K,G,G|K|N,0.3793,0.0006,low_margin|crowded_top3|boilerplate_shape|recoverable_in_top3,,
111,Kleffmann Verwaltungs GmbH,der Erwerb und die Verwaltung von Beteiligungen sowie die Übernahme der persönlichen Haftung und der Geschäftsführung bei Handelsgesellschaften,143,M,G,G|K|N,0.4796,0.0000,low_margin|boilerplate_shape|outside_top3,,
116,GuKe Welfare & Environmental GmbH,"Export deutscher Qualitätsprodukte für Umwelt und Kindersicherheit nach China, insbesondere Güter des gehobenen Lebensstandards.",128,G,H,H|G|C,0.3354,0.0455,recoverable_in_top3,,
117,SPV Spedition & Transport-Verwaltungs- GmbH,"Gegenstand des Unternehmens ist die Verwaltung von -Speditions--Nahu.Fernverkehrs- ,Schüttgut- Kühltransporte- Silotransporte- Zustell- und Containerdienst- Gesellschaften.",172,M,H,H|N|S,0.5885,0.0340,outside_top3,,
118,cargofresh technologies service gmbh,"An- und Verkauf von mobilen und stationären Anlagen, insbesondere Seecontainern und Kühlsattelaufliegern, die mit ""Controlled-Atmosphere (CA)-Technologie"" ausgestattet sind und von Maschinen, Geräten und Vorrichtungen aller Art für die Herstellung und den Erhalt einer ""kontrollierten Atmosphäre"" sowie alle Formen des Leasing, der Vermietung und des Mietkaufs dieser Wirtschaftsgüter; ferner ist Unternehmensgegenstand die Durchführung von Instandhaltungs- und Instandsetzungsarbeiten und anderer Serviceleistungen an den Gerätschaften, die Gegenstand von Leasing-, Miet- oder Mietkaufverträgen sind, selbst oder durch beauftragte Dritte.",639,G,H,H|C|J,0.5647,0.0135,low_margin|outside_top3,,
119,AKATEX Fußbodenhandelsgesellschaft mbH,Im- und Export und der Vertrieb von Teppichböden und Teppichen.,63,G,H,H|G|C,0.5156,0.0084,low_margin|recoverable_in_top3,,
120,Kornprobst GmbH,"Handel, Leasing und Vermietung von Fahrzeugen, Nutzfahrzeugen und Baumaschinen aller Art.",89,G,H,H|G|C,0.6635,0.0063,low_margin|crowded_top3|recoverable_in_top3,,
122,Roland Sicherheitstechnik GmbH,Verkauf und Vermietung von sicherheitstechnischen Anlagen,57,G,H,H|G|K,0.4487,0.0053,low_margin|recoverable_in_top3,,
124,Retol GmbH,Import und Vertrieb von Handelswaren für den Bauhandwerkerbedarf,64,G,H,H|G|B,0.5392,0.0015,low_margin|recoverable_in_top3,,
130,Hofmann GmbH,"Die Herstellung und der Verkauf von Fleisch- und Wurstwaren aller Art, sowie der Betrieb eines Partyservice.",108,C,I,I|C|S,0.5639,0.0862,recoverable_in_top3,,
131,Mainzel Clean Dienstleistungen GmbH,Glas- und Gebäudereinigung sowie Winterdienste.,47,N,I,I|S|N,0.4526,0.0112,short_text|low_margin|recoverable_in_top3,,
132,Ottolina Deutschland GmbH,"Groß- und Einzelhandel von Kaffee und weiteren Lebensmitteln oder anderer Ware jeglicher Art, direktre und indirekter Betrieb von Bars und Restaurants jeglicher Art.",165,G,I,I|G|C,0.6162,0.0095,low_margin|recoverable_in_top3,,
133,Bella Vita III Verwaltungs GmbH,"Beteiligung an anderen Unternehmen, insbesondere Beteiligung als persönlich haftende Gesellschafterin an der Bella Vita III Donauwörth GmbH & Co. KG in Donauwörth, welche den Betrieb eines ökologischen Lebensmittelsgeschäfts zum Gesellschaftszweck hat.",252,M,I,I|M|N,0.3471,0.0075,low_margin|crowded_top3|boilerplate_shape|recoverable_in_top3,,
135,LupoTherm Vertrieb UG (haftungsbeschränkt),Vermarktung von Produkten und Dienstleistungen im Bereich Dämmung und thermischer Isolation.,92,G,I,I|G|D,0.4459,0.0063,low_margin|crowded_top3|recoverable_in_top3,,
137,ELCO-GmbH Technik & Lifestyle,"ist der Im+Export, Groß+Einzelhandel mit Consumer Elektronik, TV, Video, HiFi, SAT, sonstige EDV-Hard+Software, Telekommunikationsartikel, Multimediaprodukte, Weißware, Henkelware, Sonnenbänke, Informationstechnik- Klein- Nebenbetrieb sowie weiterhin der Groß-, Einzel und Versandhandel mit sowie Im- und Export von elektrischen und elektronischen Geräten ohne ausgeprägten Schwerpunkt, Textilien, Bekleidung, Schuhe und Bekleidungszubehör, Sport und Reitsportartikel, Gold und Schmuckwaren jeglicher Art, sowie sonstige Fertigerzeugnisse. Ferner Eventmanagement sowie der Betrieb einer Eventhalle.",598,G,J,J|G|H,0.6592,0.1095,recoverable_in_top3,,
138,KUPS EDV-GmbH,"Gegenstand des Unternehmens ist der Handel mit Computern, Software und sonstigen Gegenständen sowie die Durchführung von Schulungskursen.",137,G,J,J|G|M,0.5466,0.0906,recoverable_in_top3,,
144,Radio-Kater Hermann Kater GmbH,"(1)der Handel mit Radio-, Fernseh-, Videound Phonogeräten sowie mit Elektro- Geräten aller Art. (2) Die Gesellschaft kann sich an anderen Unternehmen beteiligen, andere Unternehmen erwerben und Zweigniederlassungen im In- und Ausland errichten.",244,G,J,J|G|C,0.5938,0.0232,recoverable_in_top3,,
147,ELEKTROPLANUNG & LICHTTECHNIK Shtop Ingenieurgesellschaft mit beschränkter Haftung,"Planung und Vertrieb von technischen Anlagen innerhalb und außerhalb von Gebäuden, insbesondere in den Bereichen der Elektrotechnik und der Beleuchtungstechnik.",160,M,J,J|D|C,0.5026,0.0056,low_margin|crowded_top3|outside_top3,,
150,OBIS Gesellschaft für Online-Buchungs- und -Informationssysteme mbH,"Erbringung von Dienstleistungen und Lieferung von Waren, welche zur elektronischen Buchung von Werbezeiten bei Vermarktern von Werbezeiten, Fernsehsendern, Hörfunksendern oder Fernseh- und Hörfunkanstalten erforderlich sind.",224,M,J,J|G|S,0.4756,0.0041,low_margin|outside_top3,,
151,Edgar Bieley Nachrichten- und Netzwerktechnik GmbH,"Planung und Erstellung von Leitungsnetzen für Telefon-, Brandmelde-, Gegen- und Wechselsprechanlagen, Alarm- und Uhrenanlagen sowie Zustandsmeldungen, drahtgebundenen und LWL-Netzen für EDV- Anlagen einschließlich dazugehöriger Systeme und Komponenten.",252,F,J,J|D|N,0.4655,0.0036,low_margin|outside_top3,,
152,Autecon GmbH,"Engineering, Vertrieb und Produktion von Komponenten, Systemen und Anlagen der Automatisierungs- und Montagetechnik sowie Beratung in diesem Bereich",148,C,J,J|C|N,0.5747,0.0026,low_margin|recoverable_in_top3,,
154,eduCare EDV-Systeme GmbH Computerfachhandel und Systembetreuung,"Handel mit EDV-Hard- und Software und Zubehör, Systemberatung, -schulung und - betreuung, Wartung von EDV - Anlagen.",116,G,J,J|M|N,0.5751,0.0016,low_margin|crowded_top3|outside_top3,,
158,Modulus Real Estate Verwaltungs GmbH,"Verwaltung eigenen Vermögens und die Beteiligung an anderen Unternehmen sowie die Übernahme der persönlichen Haftung und der Geschäftsftührung bei anderen Unternehmen, insbesondere bei Kommanditgesellschaften.",209,M,K,K|N|S,0.4943,0.1086,boilerplate_shape|outside_top3,,
159,Double A Brands GmbH,"der Erwerb und die Verwaltung von Beteiligungen auf eigene Rechnung, die Übernahme der persönlichen Haftung und der Geschäftsführung bei Handelsgesellschaften, sowie die Verwaltung eigenen Vermögens. Genehmigungspflichtige Tätigkeiten werden nicht ausgeübt.",257,M,K,K|L|O,0.3962,0.0935,boilerplate_shape|outside_top3,,
161,EGH Verwaltungsgesellschaft mbH,"Der Erwerb und die Verwaltung von Beteiligungen aller Art an anderen Unternehmen für eigene Rechnung, insbesondere die Ausübung der Funktion als persönlich haftende Gesellschafterin von Kommanditgesellschaften. Die Gesellschaft führt keine nach § 34 c Gewerbeordnung (Makler, Bauträger, Baubetreuer) genehmigungspflichtigen Geschäfte durch. Ebenso tätigt die Gesellschaft keine Bank- und Finanzierungsgeschäfte im Sinne des § 1 KWG.",432,M,K,K|O|N,0.4251,0.0729,boilerplate_shape|outside_top3,,
164,Gerhard Ragaller Betriebs- und Verwaltungs-GmbH,"Groß- und Einzelhandel mit Eisen-, Elektro und Haushaltswaren. Beteiligung als persönlich haftender Gesellschafter an bestehenden oder noch zu gründenden Unternehmungen und insbesondere die Übernahme der Verwaltung und Geschäftsführung in solchen Unternehmen. Ferner Erwerb, Geltendmachung und Verwertung von Forderungen aller Art.",331,G,K,K|G|N,0.5414,0.0154,low_margin|crowded_top3|boilerplate_shape|recoverable_in_top3,,
166,Das Team 300 Holding GmbH,Erwerb und Verwaltung eigenen Vermögens sowie Übernahme von Leitungsfunktionen als Dachgesellschaft im Rahmen eines Zusammenschlusses mehrerer selbständiger Unternehmen zur Wahrung gemeinsamer Interessen.,204,M,K,K|N|O,0.4468,0.0046,low_margin|crowded_top3|boilerplate_shape|outside_top3,,
167,Ludwig Bold GmbH,Der Erwerb und die Verwaltung von Beteiligungen sowie die Übernahme der persönlichen Haftung und der Geschäftsführung bei Handelsgesellschaften.,144,M,K,K|G|N,0.4637,0.0038,low_margin|boilerplate_shape|outside_top3,,
168,Tremmel Verwaltungs GmbH,"ist die Verwaltung von Vermögen, die Übernahme der Verwaltung und Geschäftsführung der Firma Tremmel GmbH & Co. KG.",115,M,K,K|O|M,0.3207,0.0027,low_margin|crowded_top3|boilerplate_shape|recoverable_in_top3,,
169,Donaubauer Verwaltungs GmbH,"Verwaltung eigenen und fremden Vermögens sowie Übernahme der persönlichen Haftung der Geschäftsführung bei Handelsgesellschaften, insbesondere bei der Kommanditgesellschaft Firma Donaubauer GmbH & Co. KG.",204,M,K,K|G|C,0.3841,0.0024,low_margin|boilerplate_shape|outside_top3,,
170,UKF GmbH,"Das Halten und Verwalten von Vermögen, insbesondere Grundvermögen.",66,L,K,K|T|B,0.4901,0.0023,low_margin|boilerplate_shape|outside_top3,,
173,China-Restaurant Gourmet Tempel Verwaltungs UG (haftungsbeschränkt),"der Erwerb und die Verwaltung von Beteiligungen sowie die Übernahme der persönlichen Haftung und der Geschäftsführung bei Handelsgesellschaften, insbesondere die Beteiligung als persönlich haftende geschäftsführende Gesellschafterin an der Qiu UG (haftungsbeschränkt) & Co. KG mit dem Sitz in Viersen, deren Unternehmensgegenstand der Betrieb eines chinesischen Restaurants ist.",378,M,K,K|G|U,0.3316,0.0006,low_margin|boilerplate_shape|outside_top3,,
174,Bochum-Gelsenkirchener Bahngesellschaft mit beschränkter Haftung,"Halten von Aktien an der Bochum- Gelsenkirchener Straßenbahnen Aktiengesellschaft (BOGESTRA) sowie die Leitung der vorgenannten Gesellschaft über einen Beherrschungsvertrag im Sinne des § 291 Abs. 1 Satz 1 Aktiengesetz. Die Gesellschaft ist verpflichtet, nach den Wirtschaftsgrundsätzen des § 109 GO NRW zu verfahren. Dabei ist die Gesellschaft so zu führen, dass der öffentliche Zweck nachhaltig erfüllt wird.",410,M,K,K|O|L,0.4068,0.0005,low_margin|outside_top3,,
179,Bauunternehmung Heckötter GmbH,"Betrieb einer Bauunternehmung sowie die Erstellung schlüsselfertiger Häuser als Generalunternehmer. Sie kann Zweigniederlassungen errichten, gleichartige oder verwandte Unternehmungen erwerben oder sich an ihnen beteiligen.",223,F,L,L|F|T,0.6420,0.1486,recoverable_in_top3,,
184,The Zipper Hotel & Apartments GmbH,Der gewerbliche Betrieb der Wohneinheiten nebst Nebenflächen im sogenannten RKM 740 Tower als Hotel und/oder Barding House und alle hiermit verbundenen Tätigkeiten.,164,I,L,L|I|F,0.4674,0.0688,recoverable_in_top3,,
185,UFT Verwaltung GmbH,"Erwerb und Verwaltung von Beteiligungen, sowie die Übernahme der persönlichen Haftung und der Geschäftsführung bei der Firma UFT Stanz- und Schmiedeteile GmbH & Co KG; Erwerb, Verwaltung, Vermietung und Verpachtung von Grundstücken, von Gebäuden, von Maschinen und Anlagen, von Betrieben und Beteiligungen.",306,M,L,L|C|K,0.4832,0.0547,boilerplate_shape|outside_top3,,
187,CeKa Bauträger + Immobilien GmbH,die wirtschaftliche Vorbereitung und Durchführung von Bauvorhaben als Bauherr im eigenen Namen für eigene oder fremde Rechnung und als Baubetreuer im fremden Namen und für fremde Rechnung sowie Ankauf und Verkauf von Immobilien,227,F,L,L|F|T,0.5287,0.0490,recoverable_in_top3,,
188,von Poschinger GmbH,"Erwerb und Verwaltung von Beteiligungen sowie Übernahme der persönlichen Haftung und der Geschäftsführung bei Personengesellschaften, insbesondere an der Firma ""von Poschinger GmbH & Co. Verwaltungs KG"", sowie Vermietung und Verpachtung von eigenem Grundbesitz.",261,M,L,L|N|K,0.3627,0.0161,low_margin|crowded_top3|boilerplate_shape|outside_top3,,
190,Zimmermann Beteiligungs- und Verwaltungs-GmbH,"Die Beteiligung an anderen Gesellschaften, insbesondere die Beteiligung als persönlich haftende Gesellschafterin an der Zimmermann Grundbesitz- und Vermögensverwaltungs-GmbH & Co. KG mit dem Sit in 57072 Siegen, die Vornahme aller damit im Zusammenhang stehenden Geschäfte sowie die Förderung des Unternehmenszwecks der vorgenannten Kommanditgesellschaft innerhalb deren Unternehmensgegenstandes, nämlich des Erwerbs und der Verwaltung, insbesondere der Vermietung oder Verpachtung von Immobilien und sonstigen Gegenständen des Anlagevermögens.",544,M,L,L|N|K,0.4140,0.0122,low_margin|boilerplate_shape|outside_top3,,
192,H. M. Grundbesitz Verwaltungsgesellschaft mbH,"Der Eintritt als persönlich haftende Gesellschafterin in Kommanditgesellschaften. Gegenstand des Unternehmens ist weiterhin die Verwaltung sowie der Erwerb von Immobilien. Die Gesellschaft ist berechtigt, Unternehmen im Zusammenhang mit der Verwaltung sowie dem Erwerb von Immobilien zu beraten. Die Gesellschaft ist befugt, Service-Leistungen für andere Unternehmen zu erbringen.",380,M,L,L|N|S,0.5060,0.0118,low_margin|outside_top3,,
194,fab-concept UG (haftungsbeschränkt),die Produktion und Vertrieb von Möbeln,38,C,L,L|I|C,0.4676,0.0086,short_text|low_margin|crowded_top3|recoverable_in_top3,,
195,Wibau in Sachsen GmbH Wohn- und Industrie-Bauträger,"ist der Handel mit Häusern und Grundstücken sowie die Herstellung, Sanierung und Vertrieb von Häusern und Wohnungen sowie Industriebau. Die Gesellschaft ist zu allen Geschäften und Maßnahmen berechtigt, die zur Erreichung des Geschäftszwecks notwendig oder nützlich erscheinen. Die Gesellschaft ist berechtigt, gleiche oder ähnliche Unternehmen zu erwerben, sich an solchen zu beteiligen oder deren Vertretung zu übernehmen oder/und weitere Zweigniederlassungen zu gründen.",473,F,L,L|T|G,0.5354,0.0073,low_margin|crowded_top3|outside_top3,,
196,MTR Gebäudereinigung GmbH,Gebäudereinigungen aller Art.,29,N,L,L|F|E,0.5609,0.0043,short_text|low_margin|crowded_top3|outside_top3,,
197,Maurer und Klinkner Bauunternehmung GmbH,Der Betrieb einer Bauunternehmung sowie sämtliche damit zusammenhängenden und den Gesellschaftszweck fördernden Geschäfte.,122,F,L,L|F|N,0.5315,0.0039,low_margin|crowded_top3|recoverable_in_top3,,
198,Schreinerei Limpert GmbH,Der Betrieb einer Bau- und Möbelschreinerei.,44,C,L,L|C|F,0.5237,0.0020,short_text|low_margin|crowded_top3|recoverable_in_top3,,
199,Bauelemente Hagemeier GmbH,Verwaltung und Übernahme der persönlichen Haftung bei der Bauelemente Hagemeier GmbH & Co KG,92,M,L,L|F|M,0.4322,0.0011,low_margin|crowded_top3|recoverable_in_top3,,
200,VHG - Massivhaus GmbH,"Vertrieb und Erstellung von Massivhäusern und Bauprojekten. Die Gesellschaft kann sich an gleichartigen oder ähnlichen Unternehmen beteiligen, deren Vertretung übernehmen und Zweigniederlassungen errichten.",206,F,L,L|C|N,0.4950,0.0007,low_margin|crowded_top3|outside_top3,,
201,GOOD TO KNOW Institute UG (haftungsbeschränkt),"Veranstaltung von Fortbildungen, Seminaren und Networking- Veranstaltungen sowie Consulting von Unternehmen (Unternehmensberatung).",131,P,M,M|P|N,0.5910,0.1449,recoverable_in_top3,,
207,IT Consulting Dadkhoo UG (haftungsbeschränkt),IT Beratung und Schulung und IT & Kommunikations-Service.,57,J,M,M|P|N,0.5701,0.0140,low_margin|crowded_top3|outside_top3,,
208,up-to-date Call-Center GmbH,"Unterhaltung eines Call-Centers sowie Beratung von Firmen und Institutionen in den Bereichen: Telematik, Marketing, Constrolling, Durchführung absatzwirksamer Kampagnen, sowie bei der Einführung und Durchführung von IT Technologien.",232,N,M,M|J|N,0.5728,0.0121,low_margin|recoverable_in_top3,,
215,Kolbus Ausbildungs-GmbH,Aus- und Weiterbildung in technischen und kaufmännischen Berufen sowie die Erbringung von maschinenbaunahen Dienstleistungen einschließlich der gewerbsmäßigen Überlassung von Arbeitnehmern an Dritte. Die Gesellschaft kann sich auch an anderen Unternehmen beteiligen und die Geschäftsführung in anderen Unternehmen übernehmen,324,P,M,M|N|S,0.5068,0.0011,low_margin|crowded_top3|boilerplate_shape|outside_top3,,
217,B & S Vermögensverwaltung GmbH,"Vermittlung von Geschäften über die Anschaffung und die Veräußerung von Finanzinstrumenten (Anlagevermittlung); Abgabe von persönlichen Empfehlungen an Kunden oder deren Vertreter, die sich auf Geschäfte mit bestimmten Finanzinstrumenten beziehen, sofern die Empfehlung auf eine Prüfung der persönlichen Umstände des Anlegers gestützt oder als für ihn geeignet dargestellt wird und nicht ausschließlich über lnformationsverbreitungskanäle oder für die Öffentlichkeit bekannt gegeben wird (Anlageberatung); Anschaffung und die Veräußerung von Finanzinstrumenten im fremden Namen für fremde Rechnung (Abschlussvermittlung); Platzieren von Finanzinstrumenten ohne feste Übernahmeverpflichtung (Platzierungsgeschäft); Abschluss von Verträgen über den Erwerb von Anteilscheinen einer Kapitalanlagegesellschaft oder lnvestmentaktiengesellschaft, von ausländischen lnvestmentanteilen, die im Geltungsbereich des lnvestmentgesetzes öffentlich vertrieben werden dürfen, von sonstigen öffentlich angebotenen Vermögensanlagen, die für gemeinsame Rechnung der Anleger verwaltet werden, oder von öffentlich angebotenen Anteilen an einer und von verbrieften Forderungen gegen eine Kapitalgesellschaft oder Kommanditgesellschaft; Beratung von Privatkunden, Banken, Versicherungen, Pensionsfonds/-kassen und sonstigen institutionellen Anlegern hinsichtlich Auswahl geeigneter Anlagen für die Vermögensverwaltung bzw. den Deckungsstock sowie allgemein Asset Management, strategische und taktische Asset Allokation; Abschluss von Verträgen über Grundstücke, grundstücksgleiche Rechte, gewerbliche Räume, Wohnräume oder Darlehen vermitteln oder die Gelegenheit zum Abschluss solcher Verträge nachweisen; Verwaltung des eigenen Vermögens inkl. der Beteiligung an fremden Unternehmen; Durchführen von Vermögensanalysen; Family Office Dienstleistungen; Versicherungsvermittlung als Mehrfachagent gemäß § 34d GewO; Vermittlung sonstiger Vermögensanlagen, wie z.B. Genussrechte und Beteiligungen am Ergebnis von Unternehmen gemäß § 34f Abs. 1 Nr. 3 GewO",2029,K,M,M|K|G,0.5164,0.0005,low_margin|boilerplate_shape|recoverable_in_top3,,
218,Stünings Medien GmbH,"die Fortführung der Geschäfte der Firma ""Verlag Willi Stünings"", nämlich die Herausgabe von Zeitschriften, Büchern sowie Videoprodukten und die Herstellung elektronischer Medien. Die Gesellschaft ist zu allen Geschäften und Maßnahmen berechtigt, die dem Zweck des Unternehmens zu dienen geeignet sind. Sie kann insbesondere im In- und Ausland Zweigniederlassungen errichten oder sich an anderen Unternehmen beteiligen oder andere Unternehmen ganz übernehmen.",458,J,M,M|J|N,0.4332,0.0003,low_margin|crowded_top3|recoverable_in_top3,,
219,Regniet Human Resources Services GmbH,a) die Unterstützung von Unternehmen in den Bereichen Personal-Beratung und Personalentwicklung sowie für b) die Übernahme des Geschäftsbereichs Personal-Administration im Rahmen von Outsourcing-Aktivitäten in Unternehmen.,222,M,N,N|M|S,0.6830,0.1527,recoverable_in_top3,,
220,fund2seed GmbH,"Die Erbringung von Beratungsdienstleistungen, schwerpunktmäßig für Non-Profit- Organisationen zur Förderung beziehungsweise Einhaltung ihrer Ziele und Verbindlichkeiten, und die Entwicklung, der Vertrieb und die Administration von vertriebs- und prozessorientierter Software.",275,M,N,N|M|S,0.6469,0.0962,recoverable_in_top3,,
221,brainest new media GmbH,"Die Erbringung von IT-Dienstleistungen, die diesbezügliche Beratung, Projektmanagement und die Umsetzung des Vorgenannten sowie alle damit zusammenhängenden und den Gesellschaftszweck fördernden Geschäfte.",205,J,N,N|S|M,0.6898,0.0925,outside_top3,,
223,ME IT Solutions GmbH,"- Service, Wartung und Support für bereits installierte bzw. vorhandene IT- und Sicherheits-Lösungen, als auch noch zu installierende IT- und Sicherheits-Lösungen, - Beratung, Planung, Implementierung und Vertrieb von IT Lösungen, - Beratung, Planung, Implementierung und Vertrieb von Sicherheits-Lösungen, - Handel mit Hardware, Software und dazugehörigem sämtlichen Zubehör, - Transportdienstleistungen und Logistiklösungen, - für die Umsetzung von IT- und Sicherheits-Lösungen sämtliche Installationstätigkeiten inkl. Einbau, - Verschalung, Inbetriebnahme und anschließende Betreuung der Anlagen, - Entwicklung von Soft- und Hardware, - Schulungen und Lehrtätigkeiten im IT- und Sicherheitsbereich.",701,J,N,N|S|J,0.6094,0.0722,recoverable_in_top3,,
224,ICP Beteiligungs GmbH,Die Geschäftsführung und Verwaltung von Unternehmen einschließlich der Übernahme von Beteiligungen.,99,M,N,N|K|O,0.5322,0.0442,boilerplate_shape|outside_top3,,
226,Berse Industrieanlagenbau GmbH,der Industrieanlagenbau. Die Gesellschaft darf andere Unternehmen übernehmen und sich an solchen Unternehmen beteiligen. Sie darf auch Zweigniederlassungen errichten und auswärtige Stellen unterhalten.,201,F,N,N|U|O,0.4749,0.0274,outside_top3,,
228,Fastenau Forst - Service Gesellschaft mbH,"Gegenstand des Unternehmens ist die Ausführung von Forst- und Lohnarbeiten aller Art. Die Gesellschaft kann sich an anderen Unternehmen beteiligen, sie erwerben, vertreten und ihre Geschäfte führen. Die Gesellschaft darf auch Zweigniederlassungen errichten.",257,A,N,N|C|S,0.5555,0.0201,outside_top3,,
229,Matthias Schneider GmbH,"die Ausführung von Malerarbeiten. Die Gesellschaft ist zu allen Geschäften und Maßnahmen befugt, die zur Erreichung des vorerwähnten Gesellschaftszwecks notwendig oder nützlich erscheinen. Sie darf sich an gleichartigen oder ähnlichen Unternehmen beteiligen und Zweigniederlassungen im In- und Ausland errichten.",312,F,N,N|S|T,0.5401,0.0161,low_margin|outside_top3,,
230,BGfD Bayreuther Gesellschaft für Datenschutz mbH,"Gegenstand geändert, nun: Gegenstand des Unternehmens ist - die Erbringung von Dienstleistungen für Unternehmen oder Dritte auf dem Gebiet des Datenschutzes, insb. die Beratung, die Durchführung von Schulungen, die Stellung eines externen Datenschutzbeauftragten; - die Erstellung und Publikation von Veröffentlichungen zum Thema Datenschutz; - die Informationsvermittlung zum Thema Datenschutz, insb. über ein webbasiertes Informationsportal.",443,M,N,N|J|S,0.5340,0.0035,low_margin|crowded_top3|outside_top3,,
231,RHINO Verwaltungs GmbH,Die Verwaltung eigenen Vermögens sowie die Beteiligung und Verwaltung an und von anderen Gesellschaften.,104,M,N,N|K|O,0.5527,0.0034,low_margin|crowded_top3|boilerplate_shape|outside_top3,,
232,Lindenstruth Grundstücksverwaltungs GmbH,"Beteiligung an anderen Gesellschaften, die Übernahme der Geschäftsführung und Vertretung sowie die Verwaltung bei gleichzeitiger Übernahme der persönlichen Haftung. Die Verwaltung von eigenen und fremden Liegenschaften, der Betrieb von Handel- und Dienstleistungen jeder Art, Anund Verkauf von Immobilien jeder Art, auch für Dritte, bauliche Arbeiten (sofern in Erfüllung eines Unternehmensgegenstandes handwerkliche Arbeiten im Sinne Handwerksordnung erforderlich sein sollten, werden diese durch Subunternehmer erbracht; diese Bestimmung findet keine Anwendung, wenn durch das Unternehmen im jeweiligen Gewerk die handwerklichen Zugangsvoraussetzungen erfüllt wurden und die Eintragung in die Handwerksrolle dafür vorliegt) sowie die Projektierung solcher Arbeiten.",767,M,N,N|S|T,0.4925,0.0025,low_margin|crowded_top3|boilerplate_shape|outside_top3,,
233,Kindergarten Bau- und Bewirtschaftungs- GmbH,"Gegenstand des Unternehmens ist auf dem Gebiet der Stadt Kierspe die Errichtung, der Umbau, die Betreuung, Bewirtschaftung und Verwaltung von Kindergärten.",155,L,N,N|S|F,0.4611,0.0024,low_margin|outside_top3,,
234,BayernCare Verwaltungs GmbH,"Gegenstand des Unternehmens ist der Erwerb und die Verwaltung von Beteiligungen sowie die Übernahme der persönlichen Haftung und der Geschäftsführung bei Handelsgesellschaften, insbesondere die Beteiligung als persönlich haftende geschäftsführende Gesellschafterin an der BayernCare Immobilien GmbH & Co. KG, deren Unternehmehsgegenstand ist die Akquisition, Entwicklung, Realisierung, Bauträgerschaft und der Verkauf, die Vermietung und Verpachtung sowie die Anmietung von Senioren- und Serviceimmobilien sowie Pflegeeinrichtungen und sonstigen Senioreneinrichtungen im In- und Ausland, ferner die Beteiligung an Betriebsträgergesellschaften, Vermittlung und Nachweis von Verträgen über Grundstücke, grundstücksgleiche Rechte, gewerbliche Räume, Wohnräume, Vorbereitung und Durchführung von Bauvorhaben als Bauherr im eigenen Namen unter Verwendung von Vermögenswerten von Erwerbern, ferner der Betrieb und die Beteiligung am Betrieb von Pflege-, Service- und Seniorenimmobilien sowie die Vermittlung von Betriebsträgern.",1022,M,N,N|K|L,0.4349,0.0020,low_margin|crowded_top3|boilerplate_shape|outside_top3,,
236,A.K.T. Dach- und Bau Verwaltungs und Beteiligungs GmbH,"die Beteiligung an Unternehmen und deren Verwaltung; insbesondere die Beteiligung und Verwaltung an der Firma A.K.T. Dachund Bau GmbH & Co. KG sowie die Übernahme der persönlichen Haftung und Geschäftsführung als persönlich haftende geschäftsführende Gesellschafterin an der Firma A.K.T. Dach- und Bau GmbH & Co. KG, deren Gegenstand Dachdecker-, Dachklempner- und Maurerarbeiten, Betonbau, Bautenschutz und Trockenbau sind",423,M,N,N|M|L,0.3802,0.0017,low_margin|crowded_top3|boilerplate_shape|recoverable_in_top3,,
237,Aktion Wunscherfüllung gGmbH,"1. Zweck der Gesellschaft ist die Förderung der Jugendhilfe i.S. d. § 52 Abs. 2 Nr. 4 AO und die Förderung mildtätiger Zwecke i.S. d. § 53 Satz 1 Nr. 1 der AO. Dies wird insbesondere durch die Identifizierung und Erfüllung persönlicher Herzenswünsche erkrankter Kinder und Jugendlicher geschehen, mit dem Ziel, ihren seelischen und körperlichen Zustand zu verbessern. Die Gesellschaft verwirklicht diesen Zweck insbesondere durch die umfassende Kommunikation in der Vorbereitungszeit mit dem Kind bzw. Jugendlichen, dem einen Wunsch erfüllt werden soll (im Folgenden Wünscher genannt), sowie mit Angehörigen und/oder Freunden. Durch diese Kommunikation soll der individuelle innigste Wunsch des Wünschers herausgefunden werden. Bei der Planung und der Erfüllung des Herzenswunsches wird darauf geachtet, dass die Wunscherfüllung ein ganz besonderes Erlebnis für Wünscher ist, mit dem Ziel einen seelischen bzw. körperlichen Zustand, während und nach der Erfüllung des Wunsches, zu verbessern. 2. Die Gesellschaft ist berechtigt, im Rahmen der gesetzlichen Vorschriften und der Bestimmungen dieses Gesellschaftsvertrages alle Geschäfte und Rechtshandlungen vorzunehmen, die zur Erreichung des Gesellschaftszwecks dienlich sind oder das Unternehmen zu fördern geeignet erscheinen, insbesondere auch andere Unternehmen zu unterstützen, die ebenfalls ausschließlich und unmittelbar gemeinnützige Zwecke verfolgen. 3. Die Gesellschaft arbeitet auf überparteilicher und überkonfessioneller Grundlage. 4. Zum Zweck der vorgenannten Aufgabenerfüllung veranstaltet die Gesellschaft Sammlungen von Geld- und Sachspenden. Zur Erfüllung des Gesellschaftszwecks sollen beispielsweise folgende Aktivitäten aktiv angeboten und gefördert werden: Thematische Freizeitaktivitäten und Kurzreisen, mit dem Zweck des persönlichen Erlebens und der Gewinnung neuer Energien. Das Nahebringen und Erleben von Berufsbildern mit dem Zweck des Erkenntnisgewinns und der Motivation. Moderiertes Treffen und Kennenlernen von Bekanntheiten und Persönlichkeiten mit dem Zweck der Motivation. Ausdrücklich nicht aktiv unterstützt werden sollen daher Therapien, medizinische Behandlungen und benötigtes Equipment, reine Erholungsurlaube sowie das Verschenken von Tieren und einfachen Konsumgütern.",2263,Q,N,N|T|S,0.4374,0.0012,low_margin|crowded_top3|outside_top3,,
238,PLS PlayLandSpielcenter GmbH,"Gegenstand des Unternehmens ist die Verwaltung eigenen Vermögens sowie die Aufstellung von Spielautomaten gem. § 33 c GewO. Die Gesellschaft ist berechtigt, alle Handlungen vorzunehmen, die mittelbar oder unmittelbar dem Gesellschaftszweck zu dienen geeignet sind. Die Gesellschaft ist berechtigt, Zweigniederlassungen im In- und Ausland errichten zu lassen.",358,R,N,N|O|K,0.4741,0.0008,low_margin|crowded_top3|boilerplate_shape|outside_top3,,
239,OLHO Finance Czech GmbH,"Erwerb und die Verwaltung von Beteiligungen an Unternehmen im In- und Ausland, insbesondere von Anteilen der OLHO-technik Czech s.r.o.",134,K,N,N|M|U,0.3680,0.0003,low_margin|crowded_top3|boilerplate_shape|outside_top3,,
240,SaNi Invest UG (haftungsbeschränkt),"der Erwerb sowie die Verwaltung, Verwertung und Veräußerung von Beteiligungen an Unternehmen, die Übernahme der Geschäftsführung in anderen Unternehmen, sowie die Beratung von Unternehmen insbesondere auf dem Gebiet der Strategie- und Geschäftsentwicklung, Organisation, Informationstechnologie und des Marketing",312,M,N,N|M|C,0.5382,0.0001,low_margin|boilerplate_shape|recoverable_in_top3,,
241,ARS Software Solutions GmbH,"ist die Entwicklung, die Wartung und der Support sowie der Verkauf von Software, welche individuell von einem Auftraggeber in Auftrag gegeben werden kann.",154,J,N,N|M|J,0.4924,0.0001,low_margin|crowded_top3|recoverable_in_top3,,
242,ConSALEting GmbH,"ist die Entwicklung und Umsetzung von neuen Geschäftskonzepten sowie die Erbringung von Dienstleistungen rund um Vertrieb und Marketing. Das umfasst sowohl Beratungsleistungen, Strategie- und Konzepterstellung und Interims- und Projektmanagement als auch die Durchführung von operativen Tätigkeiten, d.h. Vertrieb und Vermarktung von Produkten bzw. Dienstleistungen und Kundengewinnung. Der Schwerpunkt der Dienstleistungen richtet sich an die Energiebranche, kann aber auch für jede andere Branche erbracht werden, sowohl im In- und Ausland. Gegenstand des Unternehmens ist weiterhin die Verwaltung eigenen Vermögens, insbesondere durch Erwerb, Halten, Verwaltung und Veräußerung von Beteiligungen an Unternehmen im In- und Ausland einschließlich der Tätigkeit als Obergesellschaft eines unter einheitlicher Leitung zusammengefassten Unternehmensverbundes.",857,M,N,N|S|J,0.6053,0.0001,low_margin|boilerplate_shape|outside_top3,,
243,Steuertutor Klever GmbH,"die steuerliche, sowie juristische Aus- und Fortbildung.",56,P,O,O|K|T,0.5498,0.0475,outside_top3,,
244,"Gebäudemanagement Schleswig-Holstein, Anstalt des öffentlichen Rechts Zweigniederlassung Flensburg","(1) Die zum Stichtag am 30. Juni 1999 den Landesbauämtern, der Landesvermögens- und Bauabteilung der Oberfinanzdirektion Kiel sowie der Bauabteilung des Ministeriums für Finanzen und Energie obliegenden Aufgaben gehen am 01. Juli 1999 auf die Anstalt über, soweit sie diese Aufgaben nicht gemäß Absatz 6 als fremde Aufgaben des jeweiligen Rechtsträgers wahrnimmt. Die Anstalt hat insbesondere folgende Aufgaben: 1. Sie erfüllt sämtliche Bauaufgaben des Landes im Sinne des Satzes 1 und nach Maßgabe gesonderter Vereinbarungen auch die des Bundes. 2. Sie übernimmt die Bauplanungs-, Bauüberwachungs-, Bauherren-, Bauunterhaltungs- und damit verbundene Vergabeaufgaben für die Investitionsbank, soweit diese Leistungen Liegenschaften betreffen, die gemäß § 17 Abs. 2 Investitionsbankgesetz (IBG) vom 11. Dezember 1990 (GVOBl. Schl.-H. S. 609), zuletzt geändert durch Gesetz vom 21. Dezember 1998 (GVOBl. Schl.- H. S. 482) vom Land auf die Investitionsbank übertragen oder die von dieser errichtet oder erworben werden bzw. errichtet oder erworben worden sind, um sie dem Land zur Verfügung zu stellen. Nähere Einzelheiten werden vertraglich geregelt. Zudem kann die Anstalt Bauplanungs-, Bauüberwachungs-, Bauherren-, Bauunterhaltungs- und damit verbundene Vergabeaufgaben auch für sonstige Träger der öffentlichen Verwaltung wahrnehmen. 3. Sie nimmt die Interessen des Bundes und des Landes als Träger öffentlicher Belange im Sinne des § 4 des Baugesetzbuches bei Bauleitplanverfahren im Landesbereich wahr. 4. Sie übernimmt die baufachliche Prüfung des Landes bei der Gewährung von Zuwendungen gemäß § 44 der Landeshaushaltsordnung Schleswig-Holstein im Bereich des Bauwesens. Das Nähere regelt die Satzung. (2) Die Anstalt erfüllt, sofern vom Ministerium für Finanzen und Energie nichts Abweichendes bestimmt wird, sämtliche Bauaufgaben - mit Ausnahme der Bauherrenaufgabe - für 1. das Klinikum an der Christian-Albrechts-Universität zu Kiel, 2. das Klinikum an der Medizinischen Universität zu Lübeck, 3. die Stiftung Schleswig-Holsteinische Landesmuseen Schloß Gottorf, die der Anstalt die durch die Erfüllung der Bauaufgaben entstehenden Kosten zu erstatten haben. Die Erfüllung sämtlicher Bauaufgaben endet für die in Satz 1 Nr. 1 und 2 genannten Einrichtungen am 30. Juni 2004, es sei denn, zwischen der Anstalt und dem jeweiligen Klinikum wird eine entsprechende Vereinbarung über die Fortführung dieser Aufgaben geschlossen. Die Erledigung begonnener Maßnahmen ist davon nicht betroffen. (3) Die Anstalt erbringt, sofern im besonderen Einzelfall vom Ministerium für Finanzen und Energie nichts Abweichendes bestimmt wird, folgende Bewirtschaftungsleistungen für das Land mit Ausnahme der Hochschulen und der Justizvollzugsanstalten für die von diesem genutzten Gebäude: 1. Hausmeister-, Hausarbeiterund Haushandwerkertätigkeiten, 2. Reinigungsdienste, 3. Sicherheitsdienste, sofern diese nicht durch Vollzugsbeamte ausgeübt werden, 4. die Pflege der Außenanlagen, 5. Energiemanagement, 6. Ver- und Entsorgung, 7. Betriebsführung von technischen Anlagen, Wartung, Inspektion und Kleinreparaturen. Die Anstalt wird die Aufgaben nach Satz 1 für das Ministerium für Finanzen und Energie und die ihm nachgeordneten Behörden ab dem 01. Oktober 1999, für den Präsidenten des Schleswig-Holsteinischen Landtages ab dem 01. Januar 2000, für die Staatskanzlei sowie alle übrigen Ministerien und die ihnen nachgeordneten Behörden spätestens bis zum 31. Dezember 2000 wahrnehmen. Das Ministerium für Finanzen und Energie wird ermächtigt, durch Rechtsverordnung den Zeitpunkt des Übergangs der Aufgaben nach Satz 1 für die jeweiligen Ressortbereiche zu bestimmen, Einzelheiten regeln das Land und die Anstalt durch einen öffentlich-rechtlichen Rahmenbewirtschaftungsvertrag. Die Ministerien können der Anstalt auch die Wahrnehmung sonstiger Bewirtschaftungsaufgaben, insbesondere folgende Dienstleistungen übertragen: 1. Boten- und Pförtnerdienste, 2. Druckereidienste, 3. Registraturtätigkeiten, 4. Postverwaltungs- und Postabsendungsdienste, 5. Telefonvermittlungsdienste. Nach Maßgabe gesonderter Vereinbarungen kann die Anstalt die in Satz 1 und Satz 5 beschriebenen Tätigkeiten auch gegenüber sonstigen Trägern der öffentlichen Verwaltung wahrnehmen. (4) Unbeschadet der Absätze 1 bis 3 nimmt die Anstalt folgende Aufgaben wahr: 1. Sie koordiniert und deckt den Bedarf des Landes und nach Maß- gabe gesonderter Vereinbarungen auch den Bedarf sonstiger Träger der öffentlichen Verwaltung an Verwaltungsgebäuden und sonstigen Grundstücken und Gebäuden durch Anpachtung und Anmietung und anschließender mietweiser Überlassung zu marktüblichen Bedingungen. Diese Aufgabe kann sie auch durch Kauf oder den Neubau von Gebäuden für fremde Rechnung erfüllen. Soweit das Land Flächen nicht mehr benötigt, kann die Anstalt diese auch an Dritte vermieten oder verpachten. 2. Sie nimmt nach Maßgabe gesonderter Vereinbarungen für sämtliche Landesbehörden die für deren Geschäftsbetrieb notwendigen Beschaffungen im eigenen oder im fremden Namen vor. Dabei ist sicherzustellen, daß die Vergabe von Aufträgen grundsätzlich an die Vertragsbedingung zur Durchführung frauenfördernder Maßgaben gekoppelt wird. Diese Aufgabe kann sie nach Maßgabe gesonderter Vereinbarungen auch für sonstige Träger der öffentlichen Verwaltung ausüben. 3. Sie führt die in den Unfallverhütungsvorschriften vorgesehenen Prüfungen durch eigene Sachverständige durch, sofern diese dazu von der zuständigen Behörde ermächtigt worden sind. 4. Sie plant und führt das Land und nach Maßgabe gesonderter Vereinbarungen auch für sonstige Träger der öffentlichen Verwaltung die Sicherung und Sanierung kontaminierter Liegenschaften durch.",5692,N,O,O|N|S,0.4612,0.0435,recoverable_in_top3,,
245,SIG SAUER Verwaltungs GmbH,"Die Übernahme der Stellung einer persönlich haftenden Gesellschafterin in anderen Unternehmen, insbesondere in der Kommanditgesellschaft unter der Firma SIG SAUER Sports und Defence GmbH & Co. KG.",196,M,O,O|M|C,0.3094,0.0124,low_margin|crowded_top3|recoverable_in_top3,,
246,Planungsbüro Burkhardt & Burkhardt & Co. GmbH,"Bauplanung und Bauüberwachung, jeweils unter Ausschluß handwerklicher Tätigkeiten und solcher, die einer besonderen staatlichen Genehmigung bedürfen.",149,M,O,O|N|S,0.4724,0.0095,low_margin|outside_top3,,
247,Feneberg & Kuhn GmbH,"Die Verwaltung, der Erwerb und die Verwertung von Grundbesitz aller Art im Inund Ausland, insbesondere die Wahrnehmung von Geschäftsführungsaufgaben in diesem Bereich. Tätigkeiten gemäß § 34 c GewO sind nicht Gegenstand des Unternehmens .",238,L,O,O|N|E,0.4590,0.0092,low_margin|boilerplate_shape|outside_top3,,
251,Missionsgesellschaft vom heiligen Geist Gesellschaft mit beschränkter Haftung,"a) Die Ausbildung von Ordensmitgliedern für innere und äußere Mission. Diese Ausbildung geschieht unentgeltlich für Jungen, deren Eltern oder Vormünder nicht imstande sind, den Pensionspreis auch nur teilweise zu entrichten. b) Die Errichtung und der Betrieb von Erziehungsanstalten und die Leitung von Fürsorgeanstalten. Desgleichen von Einrichtungen der Arbeitslosenhilfe und Suchtkrankenhilfe. c) Unterricht und Versorgung von Seelsorgern für innere und äußere Mission. d) Die Ausübung der von der kirchlichen Behörde übertragenen Seelsorge. e) Die Herausgabe von religiöser und volksbildender Literatur. f) Die Errichtung und der Betrieb von Einrichtungen der religiösen und allgemeinbildenden Erwachsenenbildung. g) Die Errichtung und der Betrieb von Jegendbildungsstätten, Lehrlingsheimen, Schullandheimen und Ferienheimen für die Jugend. h) Die finanzielle Unterstützung von kirchlichen, schulischen und sozialkaritativen Einrichtungen und Aufgaben in überssischen Entwicklungsländern. i) Die Durchführung von kulturellen Veranstaltunge und der Betrieb kultureller Einrichtungen im Kloster Knechtsteden. j) Der Erwerb und die Verwaltung von Grundstücken und Werten aller Art, jedoch nur für die sich aus den vorstehenden Bestimmungen zu a-i einschließlich ergebenden Zwecken:",1282,S,P,P|S|N,0.5542,0.0322,recoverable_in_top3,,
252,Word of God International gUG (haftungsbeschränkt),"Förderung der Religion nach §52 (1) Nr. 2 Abgabenordung. Weltweite Verbreitung des Wortes Gottes, wie es in Form der King James Bibel aus dem Jahre 1611 bewahrt wurde, an alle Menschen. Zur Erreichung dieses Zwecks soll die Gesellschaft die Erstellung von gemeinfreien Übersetzungen der King James Bibel von 1611 aus dem Englisch des 17. Jahrhunderts in andere Sprachen und auch in modernes Englisch, Schaffung und den Unterhalt des kostenfreien und ungehinderten Zugangs zu diesen Übersetzungen für alle Menschen, Verbreitung der Inhalte der King James Bibel von 1611 über Medien, durch Bildungs- und Erziehungsangebote, Schulungen, Seminare und Vorträge, Artikel und die Erstellung wissenschaftlicher Arbeiten, sowie die Vorbereitung und Unterstützung solcher Handlungen, Gründung und Unterhaltung von gemeinnützigen Einrichtungen und Institutionen, die den Zweck der Verbreitung des Wortes Gottes, wie es in der King James Bibel von 1611 bewahrt wurde, gemäß dieser Satzung verfolgen und unterstützen, Gründung von Tochtergesellschaften in anderen Ländern, sofern dies zur Verfolgung des Zwecks dieser Gesellschaft erforderlich und dienlich ist, vornehmen.",1159,S,P,P|U|G,0.2089,0.0272,outside_top3,,
254,Academy Ventures UG (haftungsbeschränkt),"Die Entwicklung und Vermarktung von Computersoftware für Schulen zur Kommunikation von Lehrern, Eltern und Schülern.",116,J,P,P|J|M,0.5412,0.0003,low_margin|recoverable_in_top3,,
257,Das Sanitätshaus Niedermayerstraße GmbH,Betrieb eines Sanitätshauses in der Niedermayerstraße in Landshut und der Handel mit Medizinprodukten.,102,G,Q,Q|S|I,0.4893,0.0490,outside_top3,,
260,BEPABO GmbH,"Einrichtung und der Betrieb sowie die Vermittlung von speziellen Figur- und Wellness-Studios mit angeschlossenen Kosmetikbereichen und Physiotherapeutischen Abteilungen in Deutschland mit Schwerpunkt im Grossraum der Bundesstadt Bonn, ferner die Beratung bei und Vertrieb von Einrichtungen für Studtios, Arzt- und Heilpraktikerpraxen sowie Wellnesseinrichtungen (eingeschlossen Fitnesstudios), schliesslich der Vertrieb von Seniorenprodukten und Wasseraufbereitungsanlagen zur Verwendung in privaten Haushalten und sämtlichen vorgenannten Räumlichkeiten.",554,S,Q,Q|M|S,0.4876,0.0024,low_margin|crowded_top3|recoverable_in_top3,,
261,"""das WTS-Studentenreisebüro GmbH""","Veranstaltung und Vermittlung von Reisen aller Art, die Beschaffung und Vermittlung von Beförderungsausweisen, Reiseversicherungen und anderen Reiseunterlagen sowie der Handel mit Kultur- und Kunstgegenständen",209,N,R,R|I|G,0.6446,0.1298,outside_top3,,
262,PM Gastronomie GmbH,"Betrieb von Diskotheken, Tanzlokalen und allen sonstigen gastronomischen Betrieben, die Durchführung von Personalschulungen, Erstellung, Verkauf und Umsetzung von Gastronomie- und Freizeitkonzepten, An- und Verkauf sowie Verleih von Veranstaltungstechnik, Organisation und Durchführung von Veranstaltungen (Eventmanagement), An- und Verkauf, Vermietung, Verpachtung und Betreiben von gastronomischen Freizeiteinrichtungen und der entsprechenden Ausstattung",456,I,R,R|I|C,0.5971,0.0511,recoverable_in_top3,,
263,Delphi Medien GmbH,"Betrieb eines Buch- und Medienverlages und einer literarischen Agentur sowie der Erwerb, die Verwaltung und Wahrnehmung von Urheber- und Urhebernutzungsrechten sowie Herstellung und Verbreitung von Film und anderen medialen Erzeugnissen inclusive Internet",255,J,R,R|J|U,0.4709,0.0486,recoverable_in_top3,,
264,Bees and Rockets GmbH,"Fernseh-, Film- und Videoproduktion sowie Videoschnittarbeiten.",63,J,R,R|C|J,0.3993,0.0358,recoverable_in_top3,,
265,Gordini GmbH,Handel mit Sport- und Freizeitartikeln,38,G,R,R|G|H,0.5842,0.0260,short_text|recoverable_in_top3,,
266,L & H Verlag GmbH,"die Durchführung von Kulturförderung, Kultursponsoring und Kulturberatung für die Wirtschaft sowie der Betrieb eines Verlages und die Herausgabe von Zeitschriften und Büchern, kunst- und kulturgeschichtlichen Inhalts. Die Gesellschaft ist auch zur Unternehmensberatung, Marketingberatung und Abhaltung von Seminaren sowie Führung von Workshops befugt.",351,J,R,R|M|N,0.5316,0.0143,low_margin|outside_top3,,
267,Warnow Erlebnisgastronomie GmbH,"Betreiben von gastronomischen Einrichtungen, Diskotheken und Cocktailbars sowie die Durchführung von Tanzveranstatungen, Events und Werbung.",140,I,R,R|I|M,0.4765,0.0092,low_margin|recoverable_in_top3,,
268,Toy Innovations GmbH,die Entwicklung und der Vertrieb von Spielwaren und Haustierartikeln.,69,G,R,R|G|S,0.4194,0.0084,low_margin|crowded_top3|recoverable_in_top3,,
269,SAMACO GmbH,"Beratung bezüglich und Vermittlung und/oder Erbringen von Dienstleistungen, die in einem Zusammenhang mit dem Tourismus und der Tourismusbranche stehen; weiter aktive Teilnahme an und Unterstützung von Entwicklungsprozessen in Regionen, die für den Tourismus erschlossen werden können. Hierbei kann die Gesellschaft weltweit tätig werden. Alle mit Erreichung dieses Zwecks zusammenhängenden Tätigkeiten sind vom Gegenstand des Unternehmens erfaßt, auch Kauf, Erschließung, Bebauung, Modernisierung, Verpachtung und Verkauf von Grundstücken und Immobilien.",555,N,R,R|I|N,0.5508,0.0038,low_margin|recoverable_in_top3,,
270,Kaltenbrunner GmbH,Spezialanstriche-Rostschutz sowie Montagearbeiten.,50,F,S,S|N|Q,0.4317,0.0960,outside_top3,,
271,Phone Professionals GmbH,Die Erbringung und der Verkauf von CallCenter-Dienstleistungen aller Art.,73,N,S,S|N|M,0.5046,0.0414,recoverable_in_top3,,
272,PASSI GmbH,"Die Entwicklung und der Vertrieb von Versicherungsprodukten und Finanzdienstleistungen aller Art. Die Gesellschaft kann sämtliche Dienstleistungen erbringen und sonstige Rechtshandlungen vornehmen, die zur Erreichung des Gesellschaftszwecks dienlich sind. Die Gesellschaft betreibt jedoch keine Geschäfte gem. § 34 c Abs. 1 GewO.",329,K,S,S|K|N,0.5623,0.0343,recoverable_in_top3,,
273,CIVES UG (haftungsbeschränkt),"Im- und Export sowie der Handel mit Waren aller Art, wie z.B. Hygieneartikel, Schnelltests, Eventszubehör, Fitnessequipment, der Betrieb von Covid Testzentren und die Beratung für Dienstleister der Testzentren und Kleinunternehmer zur Umsetzung von Hygienemaßnahmen.",266,G,S,S|G|N,0.5010,0.0319,recoverable_in_top3,,
274,M+K IT Services GmbH,Der Vertrieb und der Service von EDV- Produkten.,48,G,S,S|N|G,0.4849,0.0268,short_text|recoverable_in_top3,,
275,Pflege- und Betreuungszentrum Paderborn GmbH,Berieb des Pflege- und Betreuungszentrums Paderborn samt allen damit zusammenhängenden Nebengeschäften.,103,Q,S,S|N|M,0.4291,0.0231,outside_top3,,
276,MVZ Dr. Mayr und Kollegen Altötting- Burghausen GmbH,Gründung und Betrieb eines Medizinischen Versorgungszentrums im Sinne des § 95 SGB V zur Erbringung aller hiernach zulässigen ärztlichen und nichtärztlichen Leistungen und aller hiermit im Zusammenhang stehenden Tätigkeiten.,224,Q,S,S|Q|N,0.5032,0.0205,crowded_top3|recoverable_in_top3,,
277,beyond-flora GmbH,"Beratungs-, Service,- Marketing und weitere Dienstleistungen in dem Bereich Blumen und Pflanzen sowie alle sonstigen damit im Zusammenhang stehenden Tätigkeiten.",161,M,S,S|N|M,0.6558,0.0190,low_margin|recoverable_in_top3,,
278,Independent Living - betrieblich unterstützte Kindertageseinrichtungen gemeinnützige GmbH,"Die Gesellschaft verfolgt ausschließlich und unmittelbar gemeinnützige Zwecke im Sinne des Abschnitts ""steuerbegünstigte Zwecke"" der Abgabenordnung (§§ 51 ff. AO) in der jeweils gültigen Fassung. Gegenstand der Gesellschaft ist die Gestaltung und Förderung von günstigen Entwicklungsbedingungen für Kinder, insbesondere durch die Wahrnehmung von Aufgaben auf dem Gebiet der Jugendhilfe, Erziehung und Bildung. Die Ziel der Gesellschaft sollen, abgestimmt auf die Bedürfnisse dieser Gruppen, erreicht werden durch - Schaffung, Betrieb und Unterhaltung von Kindertagesstätten und vergleichbaren Einrichtungen zur Tagsbetreuung von Kindern, - Entwicklung und Verbreitung der Gesellschaftsziele durch Publikationen, wissenschaftliche Veranstaltungen, in Lehrgängen und Kurssystemen sowie durch die Gestaltung wissenschaftlich fundierter Projekte.",842,Q,S,S|T|N,0.5533,0.0023,low_margin|crowded_top3|outside_top3,,
279,Pan-Trans GmbH,"Kurier-, Express- und Postdienstleistungen",42,H,S,S|N|H,0.5897,0.0022,short_text|low_margin|recoverable_in_top3,,
280,Crown Finanzdienstleistungen Aktiengesellschaft,"Die Gesellschaft erbringt Finanzdienstleistungen aller Art mit Ausnahme der Dienstleistungen, welche einer aufsichtsrechtlichen Erlaubnis bedürfen. Sie ist zu allen Geschäften und Maßnahmen berechtigt, die dem Gegenstand des Unternehmens dienen; innerhalb dieser Grenzen kann sie Zweigniederlassungen errichten und sich an anderen Unternehmen beteiligen.",354,K,S,S|N|K,0.5772,0.0012,low_margin|recoverable_in_top3,,
281,Kestermann und Werner GmbH,"der Betrieb von Callcentern und der Vertrieb von SKL, NKL, Lotto und Toto.",74,N,S,S|G|H,0.3216,0.0009,low_margin|crowded_top3|outside_top3,,
282,Wunderkopf Technologies GmbH,"Die Entwicklung und der Vertrieb von Hard-, Software- und Kommunikationsdienstleistungen sowie die Ausführung von EDV- Dienstleistungen. Die Gesellschaft ist berechtigt, sich an Gesellschaften ähnlicher Art zu beteiligen oder gleichartige Unternehmen zu erwerben. Sie darf Zweigniederlassungen errichten. Darüber hinaus ist die Gesellschaft befugt, auch weitere Tätigkeiten zu übernehmen, die geeignet sind, den Gesellschaftszweck unmittelbar oder mittelbar zu fördern.",469,J,S,S|N|J,0.6082,0.0006,low_margin|recoverable_in_top3,,
283,MediSalesPlus GmbH,"Der Gegenstand des Unternehmens ist die auftragsgemäße Bereitstellung von freiberuflichen Außendienstmitarbeitern, insbesondere Pharmareferenten und medizinischem Pflegepersonal, einerseits zum Vertrieb von elektrischen Abrechnungs- und Kartenterminals, Nahrungsergänzungsmitteln, medizinischen Lifestyle-Produkten, verschreibungsfreien Arzneimitteln, Impfstoffen und Dermo- Kosmetika an sämtliche medizinischen Heilberufe, wie Ärzte, Zahnärzte, Veterinäre und Heilpraktiker sowie an Krankenhäuser und Kliniken und andererseits zur Erbringung von Pflegedienstleistungen.",570,N,S,S|N|M,0.5676,0.0003,low_margin|recoverable_in_top3,,
284,Eurosonne GmbH,Die Durchführung von Estrich-Arbeiten.,38,F,S,S|T|N,0.4670,0.0003,short_text|low_margin|crowded_top3|outside_top3,,
285,A & M Zweibäumer Lohnconsulting GmbH,"Buchführungsservice gem. § 6 Nr. 3 und 4 StberG erlaubte Tätigkeiten, hier insbesondere: laufende Lohnabrechnung, Fertigen der Lohnsteuer-Anmeldungen, betriebswirtschaftliche Beratung.",184,M,S,S|N|K,0.5800,0.0003,low_margin|outside_top3,,
286,COMNITAS Pflegedienst GmbH,"die Pflege und hauswirtschaftliche Versorgung von Pflegebedürftigen in ihrer Wohnung entsprechend der jeweils geltenden Fassung des § 71 SGB XI sowie die Gewährung von Haushaltshilfen und häuslicher Krankenpflege entsprechend der jeweils gültigen Fassung der §§ 132, 132 a SGB V.",279,Q,T,T|S|N,0.5153,0.0760,outside_top3,,
287,Alten- und Pflegeheim Rosenhöhe GmbH,"Die Vermietung von Wohnungen sowie der Betrieb eines Alten- und Pflegeheimes mit vollstationärer Pflege, Kurzzeitpflege und Urlaubsbetreuung.",141,Q,T,T|I|L,0.6303,0.0643,outside_top3,,
288,EE Immobilien I GmbH,"Verwaltung von eigenem Grundbesitz und Kapitalvermögen sowie sonstige Tätigkeiten, die die vorgenannten Tätigkeiten fördern.",124,L,T,T|L|K,0.5698,0.0154,low_margin|crowded_top3|recoverable_in_top3,,
289,Heinrich Bruss Gesellschaft mit beschränkter Haftung,"Vermögens- und Hausverwaltung sowie Handel mit Papier und Verpackungsmaterial aller Art. Die Gesellschaft ist zu allen Geschäften und Maßnahmen berechtigt, die zur Erreichung des Gesellschaftszweckes notwendig oder nützlich erscheinen, auch zur Beteiligung an anderen Unternehmen oder zum Erwerb anderer Unternehmen.",316,L,T,T|N|S,0.5422,0.0107,low_margin|crowded_top3|boilerplate_shape|outside_top3,,
290,Zweckverband Thermalbad Birnbach,Betrieb eines Kurmittelhauses,29,R,T,T|I|L,0.5139,0.0031,short_text|low_margin|crowded_top3|outside_top3,,
291,LSG GmbH Dienstleistungen,Gewerbsmäßige Arbeitnehmerüberlassung gem. § 1 AÜG (Arbeitnehmerüberlassungsgesetz).,84,N,T,T|N|S,0.4229,0.0009,low_margin|crowded_top3|recoverable_in_top3,,
292,DS Flugzeug Management GmbH,die Beteiligung als Komplementärin oder geschäftsführende Kommanditistin an von der Dr. Peters-Gruppe in Dortmund initiierten Flugzeugfonds,139,M,U,U|K|N,0.4683,0.1625,boilerplate_shape|outside_top3,,
293,XJ WISSUZ Media Consult UG (haftungsbeschränkt),"Gegenstand des Unternehmens ist Medienberatung in Deutschland und Lateinamerika, Bewegtbildproduktion im In- und Ausland",120,J,U,U|R|M,0.4695,0.0815,outside_top3,,
294,Reflex Winkelmann Beteiligungs-GmbH,"Gegenstand des Unternehmens ist die Beteiligung an anderen Unternehmen im Inund Ausland, u.a. die Beteiligung an der Gesellschaft mit beschränkter Haftung unter der Firma Reflex Winkelmann GmbH mit dem Sitz in Ahlen/Westfalen.",226,K,U,U|M|N,0.3981,0.0795,boilerplate_shape|outside_top3,,
295,abc projektüberwachungs UG (haftungsbeschränkt),Übernahme der Stellung der persönlich haftenden Gesellschafterin in der Steden Projektleitungen UG (haftungsbeschränkt) & Co. KG.,129,M,U,U|O|N,0.4404,0.0092,low_margin|crowded_top3|outside_top3,,
296,IVAN Sports Europe GmbH,"Die Betreuung von Berufsfußballspielern, insbesondere koreanischer Nationalität, sowie die Vertretung der IVAN Sports Corp. in Europa.",134,R,U,U|M|N,0.3188,0.0011,low_margin|crowded_top3|outside_top3,,
297,H + S Beteiligungs GmbH,Das Halten einer Beteiligung an der noch zu gründenden Firma H + S Massivbau GmbH & Co. KG.,91,K,U,U|N|M,0.2591,0.0008,low_margin|crowded_top3|boilerplate_shape|outside_top3,,
298,Nordsee Inkasso GmbH,Betreiben des Inkasso- und Forderungsmanagementgeschäfts. Hierzu zählen insbesondere die außergerichtliche und gerichtliche Einziehung von titulierten oder nicht titulierten fremden Forderungen im fremden Namen.,211,N,U,U|N|O,0.5002,0.0006,low_margin|crowded_top3|recoverable_in_top3,,
